agent_id,current_location,goal_1,goal_2,time
,,30,738,
,,1019,752,
,,912,782,
,,336,299,
,,381,820,
,,634,894,
,,647,670,
,,680,194,
,,560,53,
,,648,703,
,,39,694,
,,499,191,
,,938,123,
,,772,990,
,,553,118,
,,830,692,
,,908,562,
,,198,649,
,,569,464,
,,250,552,
,,882,18,
,,784,637,
,,169,501,
,,695,304,
,,57,361,
,,92,419,
,,643,969,
,,431,202,
,,509,977,
,,212,699,
,,959,330,
,,525,350,
,,807,595,
,,535,588,
,,672,979,
,,105,519,
,,686,275,
,,26,774,
,,322,809,
,,780,980,
,,396,478,
,,36,801,
,,451,554,
,,354,359,
,,402,1020,
,,369,850,
,,94,255,
,,914,412,
,,221,689,
,,423,831,
,,34,220,
,,659,619,
,,365,827,
,,437,319,
,,524,347,
,,502,289,
,,605,965,
,,781,851,
,,432,558,
,,465,260,
,,645,594,
,,693,928,
,,735,282,
,,543,273,
,,800,835,
,,971,779,
,,144,662,
,,429,267,
,,99,218,
,,1004,332,
,,28,970,
,,513,54,
,,617,713,
,,167,217,
,,165,998,
,,518,628,
,,960,587,
,,577,397,
,,954,759,
,,219,31,
,,957,401,
,,67,906,
,,761,952,
,,650,443,
,,763,11,
,,189,19,
,,924,563,
,,391,15,
,,155,5,
,,742,537,
,,70,252,
,,943,580,
,,919,318,
,,853,476,
,,618,263,
,,72,832,
,,942,291,
,,37,372,
,,409,544,
,,799,579,
,,161,921,
,,982,981,
,,494,589,
,,477,132,
,,46,203,
,,932,855,
,,190,812,
,,370,435,
,,876,242,
,,701,639,
,,446,342,
,,60,963,
,,834,583,
,,206,210,
,,593,277,
,,865,550,
,,315,907,
,,211,555,
,,334,2,
,,901,466,
,,164,816,
,,459,873,
,,6,196,
,,500,166,
,,436,254,
,,364,400,
,,234,529,
,,962,856,
,,394,422,
,,522,785,
,,758,472,
,,86,345,
,,898,688,
,,604,45,
,,862,463,
,,156,360,
,,486,43,
,,741,157,
,,636,717,
,,930,854,
,,139,148,
,,750,352,
,,493,1017,
,,386,724,
,,284,732,
,,179,540,
,,682,817,
,,74,390,
,,950,814,
,,691,1021,
,,261,292,
,,985,848,
,,877,58,
,,669,892,
,,137,461,
,,751,698,
,,712,324,
,,233,939,
,,40,346,
,,729,138,
,,25,473,
,,792,114,
,,128,405,
,,133,51,
,,188,690,
,,358,290,
,,162,47,
,,96,999,
,,845,590,
,,411,248,
,,933,181,
,,371,503,
,,936,418,
,,716,871,
,,172,1011,
,,307,228,
,,171,601,
,,349,1009,
,,748,858,
,,899,586,
,,631,546,
,,644,168,
,,392,226,
,,904,895,
,,530,861,
,,285,170,
,,424,69,
,,375,599,
,,760,677,
,,376,467,
,,547,675,
,,765,379,
,,770,922,
,,404,754,
,,302,293,
,,793,440,
,,710,24,
,,146,110,
,,325,216,
,,455,287,
,,344,1002,
,,177,441,
,,925,193,
,,658,805,
,,490,487,
,,696,328,
,,507,570,
,,657,16,
,,826,883,
,,702,470,
,,286,363,
,,879,468,
,,434,38,
,,868,671,
,,224,111,
,,373,852,
,,787,129,
,,539,949,
,,798,197,
,,743,460,
,,654,126,
,,638,481,
,,789,214,
,,706,395,
,,442,935,
,,153,531,
,,512,413,
,,613,378,
,,836,231,
,,439,678,
,,415,104,
,,13,232,
,,495,102,
,,456,449,
,,632,485,
,,134,87,
,,421,351,
,,584,491,
,,559,314,
,,668,199,
,,578,730,
,,955,385,
,,120,201,
,,541,22,
,,482,447,
,,526,506,
,,204,174,
,,941,749,
,,972,611,
,,309,329,
,,207,469,
,,20,306,
,,84,753,
,,389,567,
,,532,42,
,,890,614,
,,479,496,
,,796,295,
,,149,377,
,,828,49,
,,311,664,
,,968,56,
,,1015,790,
,,1000,592,
,,229,387,
,,236,316,
,,305,973,
,,122,131,
,,961,154,
,,119,339,
,,9,343,
,,755,900,
,,320,416,
,,905,641,
,,393,821,
,,622,572,
,,674,607,
,,83,115,
,,872,10,
,,81,663,
,,514,340,
,,151,874,
,,1007,270,
,,804,230,
,,294,885,
,,591,989,
,,91,44,
,,867,135,
,,454,264,
,,734,777,
,,208,90,
,,575,651,
,,815,944,
,,568,538,
,,683,62,
,,355,704,
,,612,656,
,,783,243,
,,335,948,
,,175,549,
,,629,709,
,,321,511,
,,767,438,
,,3,902,
,,185,737,
,,884,239,
,,542,726,
,,909,187,
,,268,1003,
,,17,610,
,,55,806,
,,621,498,
,,85,281,
,,903,728,
,,205,866,
,,160,986,
,,958,714,
,,945,280,
,,124,383,
,,452,68,
,,113,59,
,,527,462,
,,764,398,
,,484,966,
,,109,213,
,,457,718,
,,274,534,
,,652,646,
,,152,1012,
,,240,778,
,,313,269,
,,582,739,
,,374,887,
,,76,889,
,,66,711,
,,79,8,
,,987,745,
,,259,627,
,,665,23,
,,382,839,
,,253,279,
,,136,508,
,,585,492,
,,797,994,
,,757,857,
,,353,225,
,,795,881,
,,475,685,
,,596,893,
,,186,620,
,,536,744,
,,147,141,
,,602,77,
,,548,98,
,,953,880,
,,272,65,
,,271,348,
,,407,819,
,,21,551,
,,367,676,
,,0,600,
,,609,182,
,,420,846,
,,996,910,
,,995,1023,
,,337,705,
,,121,574,
,,200,566,
,,863,811,
,,4,927,
,,178,489,
,,951,1022,
,,975,723,
,,917,956,
,,768,130,
,,813,842,
,,12,624,
,,283,598,
,,528,840,
,,428,433,
,,71,673,
,,976,766,
,,978,707,
,,173,125,
,,52,106,
,,557,576,
,,158,897,
,,947,448,
,,660,480,
,,661,843,
,,296,608,
,,997,841,
,,278,1016,
,,298,163,
,,515,725,
,,445,564,
,,740,238,
,,356,810,
,,642,237,
,,73,301,
,,721,541,
,,281,983,
,,291,104,
,,536,584,
,,783,0,
,,819,779,
,,390,588,
,,205,226,
,,425,470,
,,204,55,
,,19,218,
,,753,474,
,,658,46,
,,797,515,
,,69,473,
,,420,404,
,,607,340,
,,148,301,
,,503,321,
,,506,257,
,,7,830,
,,853,149,
,,433,778,
,,939,117,
,,74,274,
,,380,294,
,,765,998,
,,869,540,
,,437,850,
,,247,251,
,,914,245,
,,610,400,
,,381,646,
,,228,200,
,,193,316,
,,173,791,
,,320,92,
,,843,589,
,,26,571,
,,107,558,
,,689,136,
,,784,698,
,,111,703,
,,737,653,
,,971,354,
,,690,970,
,,682,342,
,,135,535,
,,393,650,
,,386,716,
,,436,388,
,,383,768,
,,42,455,
,,192,154,
,,730,669,
,,766,732,
,,959,885,
,,391,593,
,,89,987,
,,138,125,
,,216,999,
,,674,328,
,,876,243,
,,109,826,
,,761,49,
,,439,399,
,,738,548,
,,926,155,
,,326,66,
,,522,385,
,,809,812,
,,508,570,
,,260,790,
,,196,635,
,,94,234,
,,96,464,
,,933,1007,
,,238,882,
,,740,845,
,,1018,29,
,,775,407,
,,423,848,
,,953,555,
,,219,6,
,,489,273,
,,220,402,
,,180,116,
,,657,632,
,,837,580,
,,538,863,
,,5,500,
,,471,357,
,,20,884,
,,188,504,
,,835,634,
,,618,304,
,,482,615,
,,726,922,
,,901,903,
,,590,378,
,,279,823,
,,71,649,
,,405,215,
,,1005,585,
,,807,448,
,,578,170,
,,969,440,
,,12,743,
,,509,604,
,,629,168,
,,344,917,
,,292,30,
,,416,99,
,,677,147,
,,951,314,
,,262,785,
,,549,537,
,,714,319,
,,927,605,
,,811,22,
,,189,13,
,,754,733,
,,894,43,
,,873,248,
,,874,963,
,,916,267,
,,813,962,
,,750,648,
,,501,661,
,,663,551,
,,654,814,
,,553,347,
,,401,941,
,,728,398,
,,915,852,
,,4,313,
,,360,704,
,,877,579,
,,577,153,
,,438,240,
,,128,159,
,,601,491,
,,642,599,
,,395,127,
,,659,935,
,,475,285,
,,57,198,
,,176,706,
,,694,965,
,,199,231,
,,976,825,
,,572,718,
,,457,33,
,,859,739,
,,208,1017,
,,242,762,
,,47,925,
,,606,996,
,,86,210,
,,146,355,
,,397,956,
,,52,862,
,,224,480,
,,190,232,
,,839,412,
,,696,456,
,,872,369,
,,422,904,
,,241,1001,
,,828,478,
,,167,701,
,,449,763,
,,183,307,
,,330,693,
,,353,691,
,,426,948,
,,451,900,
,,842,868,
,,717,638,
,,277,413,
,,799,239,
,,598,943,
,,486,707,
,,734,985,
,,820,293,
,,841,624,
,,909,854,
,,283,583,
,,815,335,
,,289,711,
,,252,269,
,,928,419,
,,62,296,
,,236,417,
,,757,880,
,,596,816,
,,834,182,
,,332,997,
,,992,8,
,,73,15,
,,374,60,
,,100,141,
,,817,1014,
,,81,670,
,,821,472,
,,442,645,
,,435,592,
,,132,855,
,,518,119,
,,311,660,
,,38,118,
,,752,469,
,,70,945,
,,679,441,
,,564,11,
,,751,361,
,,907,121,
,,713,50,
,,527,692,
,,978,68,
,,110,158,
,,636,34,
,,201,883,
,,989,1021,
,,387,942,
,,858,479,
,,769,619,
,,250,124,
,,526,643,
,,18,160,
,,806,349,
,,668,994,
,,804,371,
,,967,980,
,,87,409,
,,524,990,
,,235,303,
,,851,569,
,,379,207,
,,686,217,
,,76,871,
,,680,780,
,,53,542,
,,278,719,
,,21,724,
,,25,759,
,,65,230,
,,889,171,
,,394,755,
,,749,930,
,,725,35,
,,827,126,
,,975,514,
,,184,315,
,,895,906,
,,351,27,
,,531,729,
,,123,418,
,,630,295,
,,415,832,
,,139,1015,
,,798,443,
,,695,595,
,,446,986,
,,161,85,
,,902,924,
,,973,602,
,,543,290,
,,185,1006,
,,567,411,
,,152,225,
,,857,771,
,,370,627,
,,685,801,
,,410,37,
,,1023,350,
,,887,112,
,,157,639,
,,213,246,
,,396,259,
,,322,560,
,,54,9,
,,308,445,
,,24,628,
,,334,908,
,,723,268,
,,122,770,
,,432,222,
,,343,708,
,,881,476,
,,678,741,
,,808,1010,
,,178,617,
,,793,525,
,,10,287,
,,517,286,
,,781,947,
,,163,562,
,,272,429,
,,88,995,
,,191,202,
,,641,840,
,,600,276,
,,166,484,
,,421,403,
,,331,61,
,,368,51,
,,795,339,
,,187,499,
,,794,113,
,,487,105,
,,255,800,
,,264,77,
,,39,611,
,,550,358,
,,982,603,
,,372,890,
,,447,382,
,,298,529,
,,957,175,
,,461,164,
,,17,767,
,,594,712,
,,494,115,
,,375,667,
,,568,144,
,,833,838,
,,1004,434,
,,428,534,
,,359,48,
,,462,938,
,,764,647,
,,270,212,
,,364,512,
,,424,613,
,,786,376,
,,389,546,
,,608,502,
,,918,552,
,,744,656,
,,875,337,
,,944,955,
,,805,574,
,,1022,466,
,,309,78,
,,156,575,
,,676,214,
,,431,165,
,,910,513,
,,275,532,
,,544,467,
,,306,576,
,,949,810,
,,174,919,
,,133,519,
,,1016,1002,
,,108,459,
,,958,16,
,,622,352,
,,179,960,
,,687,710,
,,31,137,
,,547,787,
,,892,324,
,,151,620,
,,300,229,
,,1020,861,
,,932,563,
,,702,406,
,,586,211,
,,59,465,
,,521,612,
,,742,2,
,,582,454,
,,131,367,
,,1019,356,
,,102,511,
,,40,621,
,,1012,748,
,,905,559,
,,782,463,
,,373,181,
,,120,756,
,,363,377,
,,954,392,
,,867,879,
,,1011,715,
,,490,662,
,,203,312,
,,496,735,
,,587,950,
,,197,856,
,,968,45,
,,1009,302,
,,758,866,
,,23,664,
,,651,760,
,,258,106,
,,28,282,
,,681,365,
,,436,691,
,,869,56,
,,558,124,
,,348,433,
,,7,330,
,,411,477,
,,440,881,
,,1007,522,
,,104,817,
,,13,732,
,,274,19,
,,387,800,
,,1018,67,
,,850,121,
,,479,442,
,,979,39,
,,149,287,
,,917,944,
,,758,547,
,,878,332,
,,641,734,
,,437,416,
,,251,868,
,,229,385,
,,554,426,
,,1022,314,
,,20,1003,
,,278,919,
,,294,146,
,,464,915,
,,916,672,
,,496,120,
,,853,0,
,,35,54,
,,726,154,
,,238,535,
,,237,620,
,,939,721,
,,701,770,
,,710,125,
,,368,789,
,,536,303,
,,222,369,
,,962,663,
,,570,200,
,,297,629,
,,324,551,
,,756,780,
,,858,8,
,,16,761,
,,465,531,
,,102,804,
,,277,630,
,,11,113,
,,219,131,
,,593,343,
,,354,467,
,,933,242,
,,749,168,
,,109,472,
,,503,914,
,,652,942,
,,644,893,
,,582,302,
,,890,176,
,,569,604,
,,677,107,
,,372,318,
,,1021,932,
,,1009,260,
,,683,424,
,,548,243,
,,549,105,
,,172,661,
,,239,714,
,,717,895,
,,127,432,
,,751,528,
,,518,69,
,,407,439,
,,973,373,
,,474,115,
,,792,399,
,,645,404,
,,875,309,
,,598,544,
,,648,394,
,,218,359,
,,96,4,
,,419,713,
,,245,130,
,,45,291,
,,900,814,
,,805,132,
,,698,37,
,,455,1001,
,,392,925,
,,469,512,
,,927,912,
,,745,162,
,,692,3,
,,230,833,
,,628,51,
,,589,398,
,,422,576,
,,794,946,
,,774,669,
,,446,1014,
,,515,275,
,,910,639,
,,24,656,
,,17,618,
,,665,90,
,,999,212,
,,55,336,
,,283,134,
,,246,352,
,,402,972,
,,364,305,
,,837,699,
,,441,872,
,,662,667,
,,201,757,
,,980,487,
,,377,65,
,,400,61,
,,563,254,
,,188,473,
,,647,135,
,,463,902,
,,156,797,
,,1017,122,
,,307,606,
,,248,194,
,,44,304,
,,23,509,
,,81,986,
,,221,899,
,,517,312,
,,681,643,
,,367,179,
,,591,339,
,,443,796,
,,128,552,
,,425,668,
,,513,111,
,,543,374,
,,199,755,
,,577,843,
,,259,623,
,,651,211,
,,296,883,
,,997,448,
,,798,459,
,,743,567,
,,1002,856,
,,231,541,
,,232,85,
,,954,958,
,,546,10,
,,830,791,
,,965,807,
,,638,611,
,,213,769,
,,378,666,
,,827,271,
,,748,450,
,,851,498,
,,671,728,
,,460,981,
,,950,15,
,,356,716,
,,739,234,
,,601,706,
,,987,206,
,,9,926,
,,793,955,
,,276,299,
,,809,960,
,,579,335,
,,992,610,
,,493,572,
,,521,790,
,,685,78,
,,490,566,
,,709,257,
,,292,635,
,,857,759,
,,77,876,
,,634,815,
,,590,451,
,,286,863,
,,898,538,
,,555,676,
,,190,1006,
,,838,511,
,,71,66,
,,346,384,
,,353,160,
,,608,799,
,,779,480,
,,216,550,
,,840,311,
,,996,112,
,,786,995,
,,632,637,
,,25,653,
,,775,953,
,,205,707,
,,152,697,
,,874,59,
,,5,301,
,,703,264,
,,1010,370,
,,337,279,
,,161,510,
,,26,198,
,,839,123,
,,957,258,
,,284,941,
,,571,12,
,,280,578,
,,752,970,
,,525,675,
,,664,428,
,,110,537,
,,631,865,
,,184,457,
,,729,969,
,,600,235,
,,349,485,
,,215,165,
,,27,53,
,,79,139,
,,826,882,
,,68,262,
,,136,765,
,,909,315,
,,290,207,
,,427,690,
,,660,654,
,,737,735,
,,705,403,
,,484,177,
,,80,768,
,,191,117,
,,261,559,
,,233,247,
,,588,33,
,,607,763,
,,255,169,
,,228,386,
,,454,452,
,,659,842,
,,171,539,
,,731,326,
,,744,990,
,,832,236,
,,298,50,
,,903,31,
,,787,381,
,,192,976,
,,189,602,
,,108,344,
,,766,783,
,,220,943,
,,738,319,
,,742,390,
,,253,365,
,,949,185,
,,345,173,
,,670,828,
,,60,907,
,,486,624,
,,782,147,
,,388,585,
,,526,688,
,,956,358,
,,141,657,
,,461,982,
,,821,785,
,,678,967,
,,73,99,
,,148,622,
,,527,415,
,,816,825,
,,673,557,
,,268,884,
,,225,862,
,,901,575,
,,879,196,
,,178,340,
,,328,612,
,,621,72,
,,391,361,
,,100,500,
,,193,508,
,,83,994,
,,138,772,
,,553,760,
,,240,724,
,,293,295,
,,133,636,
,,841,586,
,,974,208,
,,28,129,
,,281,313,
,,355,767,
,,695,599,
,,892,649,
,,86,718,
,,938,417,
,,922,1004,
,,945,36,
,,642,431,
,,406,412,
,,905,74,
,,144,38,
,,985,686,
,,163,34,
,,180,921,
,,409,456,
,,84,62,
,,308,489,
,,836,1011,
,,47,502,
,,395,977,
,,187,478,
,,680,501,
,,347,1020,
,,371,877,
,,935,363,
,,777,615,
,,202,679,
,,482,88,
,,476,92,
,,300,587,
,,753,562,
,,560,831,
,,383,904,
,,494,449,
,,966,1019,
,,930,924,
,,375,740,
,,861,897,
,,321,214,
,,730,778,
,,808,534,
,,613,447,
,,845,351,
,,357,46,
,,947,812,
,,226,331,
,,40,855,
,,854,155,
,,204,711,
,,540,885,
,,524,771,
,,197,725,
,,382,617,
,,396,49,
,,153,376,
,,658,119,
,,708,741,
,,834,389,
,,823,401,
,,848,285,
,,906,435,
,,715,983,
,,530,438,
,,22,936,
,,819,1016,
,,614,594,
,,76,405,
,,592,98,
,,754,750,
,,210,468,
,,959,272,
,,397,693,
,,2,481,
,,329,164,
,,810,273,
,,650,583,
,,712,18,
,,605,1000,
,,564,866,
,,70,514,
,,702,719,
,,471,968,
,,52,137,
,,342,978,
,,325,126,
,,475,951,
,,687,820,
,,619,170,
,,241,289,
,,21,89,
,,6,694,
,,971,964,
,,795,859,
,,270,939,
,,175,222,
,,450,852,
,,714,883,
,,976,786,
,,804,4,
,,631,729,
,,34,191,
,,899,267,
,,778,226,
,,761,740,
,,134,667,
,,412,539,
,,707,232,
,,48,247,
,,503,312,
,,8,149,
,,943,452,
,,1015,970,
,,898,55,
,,181,600,
,,866,87,
,,986,492,
,,415,296,
,,820,543,
,,299,470,
,,200,45,
,,359,966,
,,672,895,
,,811,236,
,,508,429,
,,688,906,
,,71,531,
,,921,407,
,,102,350,
,,124,387,
,,548,885,
,,289,535,
,,2,431,
,,72,264,
,,654,123,
,,723,782,
,,357,127,
,,158,925,
,,756,440,
,,262,207,
,,708,43,
,,179,1014,
,,582,23,
,,848,286,
,,971,496,
,,386,850,
,,132,472,
,,552,411,
,,42,330,
,,377,442,
,,27,203,
,,972,574,
,,60,22,
,,255,393,
,,1016,768,
,,604,527,
,,1023,907,
,,141,397,
,,578,658,
,,165,185,
,,805,321,
,,182,853,
,,530,454,
,,576,406,
,,371,547,
,,511,769,
,,298,789,
,,0,91,
,,558,129,
,,379,567,
,,194,116,
,,25,21,
,,872,109,
,,119,958,
,,726,39,
,,138,353,
,,187,1019,
,,498,238,
,,701,741,
,,619,280,
,,762,570,
,,401,26,
,,950,147,
,,703,1000,
,,893,905,
,,495,735,
,,320,685,
,,369,839,
,,153,777,
,,162,841,
,,311,509,
,,519,649,
,,490,873,
,,689,1001,
,,836,455,
,,962,167,
,,683,425,
,,1012,435,
,,669,846,
,,399,671,
,,750,73,
,,128,9,
,,705,69,
,,549,184,
,,819,806,
,,728,121,
,,394,711,
,,590,481,
,,889,11,
,,499,346,
,,584,554,
,,231,572,
,,319,985,
,,31,983,
,,30,146,
,,1005,139,
,,295,216,
,,660,161,
,,130,480,
,,618,80,
,,989,964,
,,794,697,
,,524,125,
,,892,46,
,,532,307,
,,250,627,
,,602,513,
,,279,749,
,,704,112,
,,790,611,
,,5,699,
,,29,670,
,,178,903,
,,510,694,
,,687,936,
,,477,763,
,,823,880,
,,501,779,
,,77,486,
,,583,525,
,,419,438,
,,644,421,
,,834,135,
,,801,466,
,,74,662,
,,657,945,
,,99,352,
,,198,969,
,,351,331,
,,648,217,
,,337,177,
,,297,1017,
,,151,528,
,,258,676,
,,774,205,
,,575,478,
,,914,325,
,,734,606,
,,588,585,
,,3,218,
,,240,538,
,,947,114,
,,348,16,
,,221,242,
,,471,855,
,,620,918,
,,751,228,
,,131,856,
,,239,314,
,,457,89,
,,713,635,
,,291,807,
,,995,462,
,,474,813,
,,416,12,
,,542,614,
,,170,799,
,,861,738,
,,392,591,
,,541,796,
,,269,418,
,,924,293,
,,663,665,
,,721,176,
,,196,79,
,,410,941,
,,475,781,
,,168,57,
,,273,808,
,,193,673,
,,282,389,
,,332,383,
,,434,674,
,,587,634,
,,251,449,
,,666,965,
,,328,313,
,,292,743,
,,999,126,
,,148,54,
,,643,677,
,,241,586,
,,186,953,
,,224,942,
,,382,365,
,,760,24,
,,347,367,
,,94,679,
,,968,372,
,,140,949,
,,59,712,
,,959,336,
,,868,731,
,,395,202,
,,715,20,
,,305,235,
,,521,598,
,,285,746,
,,1002,615,
,,992,594,
,,252,40,
,,212,443,
,,792,402,
,,755,577,
,,144,136,
,,172,557,
,,78,281,
,,380,877,
,,515,780,
,,476,461,
,,38,678,
,,467,560,
,,448,246,
,,120,825,
,,791,409,
,,15,764,
,,908,385,
,,105,974,
,,335,115,
,,316,859,
,,62,204,
,,220,441,
,,956,879,
,,904,690,
,,137,439,
,,324,563,
,,998,647,
,,391,413,
,,770,180,
,,960,693,
,,199,355,
,,882,225,
,,987,737,
,,156,909,
,,378,494,
,,832,608,
,,894,445,
,,821,345,
,,155,828,
,,514,833,
,,967,845,
,,283,646,
,,692,546,
,,691,473,
,,309,489,
,,188,70,
,,884,555,
,,652,342,
,,302,159,
,,1010,650,
,,810,1006,
,,881,96,
,,930,851,
,,329,767,
,,433,368,
,,867,748,
,,104,28,
,,118,459,
,,579,628,
,,935,504,
,,484,210,
,,100,152,
,,117,303,
,,863,500,
,,865,6,
,,106,900,
,,405,358,
,,686,997,
,,659,174,
,,912,719,
,,83,278,
,,835,98,
,,871,208,
,,485,422,
,,840,400,
,,257,857,
,,507,306,
,,33,370,
,,982,384,
,,85,261,
,,491,858,
,,58,390,
,,566,775,
,,809,432,
,,716,610,
,,437,709,
,,753,702,
,,183,339,
,,86,447,
,,944,902,
,,233,772,
,,356,990,
,,36,638,
,,613,315,
,,798,51,
,,304,536,
,,642,961,
,,973,47,
,,596,110,
,,641,375,
,,487,826,
,,92,192,
,,787,717,
,,1004,537,
,,874,910,
,,830,742,
,,108,35,
,,733,90,
,,946,254,
,,275,639,
,,517,456,
,,783,922,
,,876,300,
,,398,284,
,,595,698,
,,215,948,
,,955,800,
,,111,122,
,,201,482,
,,568,766,
,,322,917,
,,977,933,
,,19,13,
,,463,622,
,,601,795,
,,842,550,
,,744,544,
,,695,752,
,,718,696,
,,67,420,
,,512,571,
,,245,10,
,,171,76,
,,260,710,
,,157,938,
,,7,1018,
,,754,84,
,,37,592,
,,66,901,
,,612,952,
,,817,617,
,,1003,190,
,,396,189,
,,518,553,
,,724,815,
,,551,290,
,,381,771,
,,739,621,
,,564,277,
,,645,426,
,,259,373,
,,219,173,
,,334,469,
,,812,656,
,,661,624,
,,864,18,
,,166,887,
,,980,637,
,,50,979,
,,354,919,
,,926,361,
,,529,814,
,,113,869,
,,562,580,
,,404,294,
,,349,403,
,,732,603,
,,526,427,
,,318,364,
,,623,271,
,,446,230,
,,1020,681,
,,784,928,
,,897,951,
,,823,780,
,,480,805,
,,673,551,
,,437,1003,
,,790,290,
,,689,635,
,,31,313,
,,697,392,
,,89,737,
,,470,203,
,,122,248,
,,125,724,
,,511,618,
,,542,693,
,,712,730,
,,25,324,
,,199,372,
,,962,394,
,,719,990,
,,20,255,
,,113,686,
,,385,46,
,,215,485,
,,123,397,
,,460,285,
,,462,622,
,,448,449,
,,820,492,
,,104,757,
,,833,758,
,,346,289,
,,5,365,
,,139,264,
,,711,601,
,,326,440,
,,745,735,
,,562,681,
,,884,816,
,,406,536,
,,343,183,
,,181,754,
,,982,831,
,,35,706,
,,630,438,
,,384,337,
,,973,892,
,,367,955,
,,865,493,
,,56,949,
,,378,609,
,,546,382,
,,528,998,
,,936,807,
,,236,132,
,,796,164,
,,768,842,
,,550,234,
,,879,146,
,,36,141,
,,253,569,
,,206,165,
,,155,627,
,,208,957,
,,960,795,
,,504,1015,
,,177,636,
,,751,972,
,,631,422,
,,869,608,
,,559,699,
,,574,703,
,,632,814,
,,682,739,
,,495,320,
,,590,8,
,,330,328,
,,259,876,
,,908,729,
,,899,286,
,,662,999,
,,1023,282,
,,967,941,
,,58,401,
,,52,801,
,,728,527,
,,641,205,
,,1020,619,
,,672,992,
,,62,238,
,,858,696,
,,1001,78,
,,935,373,
,,676,639,
,,335,74,
,,841,683,
,,66,473,
,,393,595,
,,628,1019,
,,465,656,
,,890,175,
,,854,284,
,,953,623,
,,952,377,
,,172,163,
,,685,921,
,,715,954,
,,726,309,
,,424,80,
,,260,242,
,,218,645,
,,783,603,
,,213,353,
,,692,582,
,,456,762,
,,781,904,
,,579,658,
,,476,363,
,,732,637,
,,380,4,
,,688,432,
,,130,966,
,,950,675,
,,420,158,
,,114,159,
,,112,502,
,,300,881,
,,258,538,
,,983,878,
,,148,297,
,,116,943,
,,905,237,
,,23,70,
,,111,731,
,,434,817,
,,846,774,
,,549,291,
,,283,417,
,,534,996,
,,856,428,
,,903,778,
,,301,543,
,,746,479,
,,866,383,
,,129,484,
,,839,651,
,,674,357,
,,85,695,
,,316,154,
,,421,530,
,,1004,247,
,,151,671,
,,454,770,
,,698,214,
,,207,666,
,,217,850,
,,50,381,
,,862,267,
,,222,498,
,,604,587,
,,709,166,
,,407,386,
,,15,503,
,,598,425,
,,340,354,
,,416,1009,
,,239,785,
,,610,389,
,,889,880,
,,851,321,
,,220,27,
,,53,466,
,,1014,161,
,,374,979,
,,792,311,
,,230,761,
,,874,469,
,,426,29,
,,852,243,
,,344,1016,
,,743,987,
,,17,535,
,,273,718,
,,336,190,
,,827,307,
,,575,90,
,,427,98,
,,192,909,
,,1022,710,
,,766,11,
,,494,1002,
,,537,254,
,,91,128,
,,387,369,
,,325,271,
,,529,701,
,,306,446,
,,893,278,
,,232,810,
,,235,496,
,,570,216,
,,794,490,
,,906,59,
,,507,667,
,,577,37,
,,924,140,
,,120,1018,
,,6,830,
,,188,958,
,,775,786,
,,915,959,
,,586,971,
,,602,589,
,,134,43,
,,677,186,
,,544,704,
,,832,821,
,,518,126,
,,347,974,
,,514,342,
,,705,18,
,,319,433,
,,477,800,
,,989,395,
,,985,410,
,,558,994,
,,167,615,
,,412,174,
,,212,871,
,,459,332,
,,376,127,
,,200,744,
,,789,500,
,,918,723,
,,650,634,
,,179,368,
,,275,840,
,,808,245,
,,1011,969,
,,1000,552,
,,926,660,
,,734,548,
,,755,566,
,,1005,799,
,,648,40,
,,204,482,
,,894,981,
,,882,1017,
,,79,764,
,,583,331,
,,83,922,
,,964,182,
,,945,474,
,,678,517,
,,102,916,
,,191,670,
,,452,226,
,,665,0,
,,539,22,
,,897,600,
,,593,713,
,,42,553,
,,930,938,
,,555,211,
,,772,396,
,,30,620,
,,784,749,
,,198,194,
,,399,612,
,,975,61,
,,299,272,
,,279,115,
,,180,793,
,,977,779,
,,859,948,
,,315,654,
,,246,360,
,,28,202,
,,303,436,
,,845,834,
,,388,547,
,,614,541,
,,403,653,
,,21,613,
,,942,594,
,,224,777,
,,925,857,
,,646,100,
,,68,540,
,,691,463,
,,563,334,
,,798,38,
,,169,501,
,,771,308,
,,210,240,
,,398,1007,
,,478,429,
,,901,887,
,,443,486,
,,902,189,
,,55,519,
,,47,138,
,,375,107,
,,147,499,
,,679,72,
,,24,738,
,,912,961,
,,659,763,
,,765,826,
,,221,750,
,,250,753,
,,863,137,
,,160,117,
,,521,109,
,,281,621,
,,629,741,
,,455,34,
,,196,293,
,,339,54,
,,580,445,
,,400,843,
,,106,168,
,,819,997,
,,45,680,
,,809,877,
,,105,835,
,,298,522,
,,349,508,
,,233,402,
,,605,136,
,,457,355,
,,526,506,
,,185,121,
,,965,124,
,,661,156,
,,228,756,
,,263,898,
,,509,359,
,,963,441,
,,356,294,
,,811,268,
,,149,748,
,,489,69,
,,643,669,
,,84,442,
,,717,153,
,,571,110,
,,657,96,
,,515,836,
,,464,588,
,,261,48,
,,108,314,
,,162,995,
,,554,907,
,,269,599,
,,231,119,
,,348,423,
,,933,2,
,,900,10,
,,782,716,
,,390,611,
,,262,26,
,,461,7,
,,171,277,
,,1010,219,
,,557,668,
,,914,524,
,,274,702,
,,345,638,
,,329,225,
,,415,9,
,,513,853,
,,946,371,
,,352,318,
,,525,77,
,,450,861,
,,584,251,
,,855,57,
,,759,568,
,,928,419,
,,647,87,
,,304,361,
,,812,468,
,,280,364,
,,252,471,
,,740,867,
,,806,624,
,,39,201,
,,170,431,
,,409,532,
,,51,947,
,,927,49,
,,3,576,
,,932,257,
,,944,815,
,,760,649,
,,118,875,
,,287,178,
,,413,910,
,,642,564,
,,939,404,
